site,camera,true_layer,pred_layer,delay_min,correct_root
7,0,L1,L1,1,True
7,0,L0,L0,1,True
7,1,L3,L3,1,True
7,1,L2,L2,1,True
7,1,L1,L1,1,True
7,1,L1,L1,1,True
7,2,L3,L3,2,True
7,2,L2,L2,5,True
7,2,L2,L2,1,True
7,2,L0,L0,1,True
7,2,L3,L3,2,True
7,2,L2,L2,1,True
7,2,L4,L4,2,True
7,3,L3,L3,1,True
7,3,L1,L0,0,False
7,3,L1,L1,2,True
7,3,L1,L1,1,True
7,3,L1,L1,1,True
7,3,L0,L0,1,True
7,4,L1,L1,2,True
7,4,L2,L2,2,True
7,4,L1,L1,2,True
7,4,L3,L3,2,True
7,5,L2,L2,2,True
7,5,L1,L1,2,True
7,5,L4,L4,3,True
7,5,L1,L1,1,True
7,5,L0,L0,2,True
7,5,L4,L4,2,True
7,5,L3,L3,1,True
7,5,L2,L2,1,True
7,5,L3,L3,2,True
7,6,L0,L0,2,True
7,6,L1,L1,1,True
7,6,L2,L2,2,True
7,6,L3,L3,2,True
7,6,L1,L1,2,True
7,7,L2,L2,1,True
8,0,L1,L1,2,True
8,0,L1,L1,1,True
8,0,L2,L2,1,True
8,0,L0,L0,1,True
8,1,L3,L3,2,True
8,1,L4,L4,18,True
8,1,L2,L2,7,True
8,1,L1,L1,2,True
8,1,L3,L3,2,True
8,1,L1,L1,2,True
8,1,L2,L2,7,True
8,1,L3,L3,1,True
8,2,L2,L2,2,True
8,2,L1,L1,1,True
8,2,L2,L2,2,True
8,4,L1,L0,0,False
8,4,L4,L4,2,True
8,5,L2,L2,1,True
8,5,L4,L4,2,True
8,5,L4,L4,2,True
8,5,L2,L2,2,True
8,5,L0,L0,1,True
8,5,L1,L1,1,True
8,6,L1,L1,1,True
8,6,L2,L2,1,True
8,6,L3,L3,1,True
8,6,L2,L2,1,True
8,6,L3,L3,1,True
8,7,L4,L4,2,True
8,7,L3,L3,2,True
8,7,L0,L0,1,True
8,7,L3,L3,2,True
8,7,L2,L2,8,True
9,0,L1,L1,1,True
9,0,L2,L2,2,True
9,0,L4,L4,1,True
9,0,L0,L0,1,True
9,0,L0,L0,1,True
9,0,L1,L1,2,True
9,0,L2,L2,7,True
9,0,L4,L4,1,True
9,0,L2,L2,2,True
9,1,L4,L4,1,True
9,1,L2,L2,9,True
9,1,L3,L3,2,True
9,2,L2,L2,1,True
9,2,L3,L3,3,True
9,2,L0,L0,1,True
9,3,L0,L0,2,True
9,3,L4,L4,1,True
9,3,L2,L2,1,True
9,3,L1,L1,1,True
9,3,L4,L4,2,True
9,4,L1,L0,0,False
9,4,L1,L1,1,True
9,4,L1,L1,1,True
9,4,L3,L3,1,True
9,4,L0,L0,2,True
9,4,L4,L4,1,True
9,4,L1,L1,1,True
9,4,L0,L0,2,True
9,4,L1,L0,0,False
9,5,L2,L2,2,True
9,5,L4,L4,2,True
9,6,L3,L3,2,True
9,6,L2,L2,1,True
9,6,L1,L1,6,True
9,6,L0,L0,1,True
9,6,L0,L0,2,True
9,7,L2,L3,13,False
9,7,L4,L4,1,True
9,7,L1,L1,2,True
9,7,L3,L3,1,True
