site,camera,layer,start,end,matched
7,0,L0,2936,2954,True
7,0,L1,13798,13824,True
7,1,L2,318,372,True
7,1,L1,1950,1954,True
7,1,L1,2127,2135,True
7,1,L3,8518,8528,False
7,1,L3,10256,10378,True
7,2,L0,1984,2025,True
7,2,L2,3556,3597,False
7,2,L4,4192,4242,True
7,2,L2,4439,4465,True
7,2,L0,5933,5986,False
7,2,L2,7530,7615,True
7,2,L2,7962,7983,True
7,2,L2,8540,8548,False
7,2,L3,9735,9786,True
7,2,L3,10272,10290,True
7,2,L2,14118,14174,False
7,3,L2,6007,6014,True
7,3,L2,6065,6069,True
7,3,L0,6169,6180,True
7,3,L3,8505,8521,True
7,3,L3,13204,13214,False
7,3,L3,13481,13504,False
7,4,L2,1464,1520,True
7,4,L1,2171,2182,True
7,4,L2,5279,5295,False
7,4,L4,6501,6558,True
7,4,L3,7800,7850,False
7,4,L2,14157,14177,True
7,5,L2,348,396,False
7,5,L2,1585,1592,False
7,5,L2,3002,3028,True
7,5,L3,4225,4296,True
7,5,L4,4803,4867,True
7,5,L4,5639,5691,True
7,5,L2,6108,6162,False
7,5,L2,6409,6455,True
7,5,L3,10030,10044,False
7,5,L0,10393,10440,False
7,5,L3,11490,11494,False
7,5,L0,12031,12055,True
7,5,L2,13852,13875,True
7,5,L3,14177,14270,True
7,6,L0,2969,2981,True
7,6,L0,3105,3132,False
7,6,L1,6741,6746,True
7,6,L1,6842,6859,False
7,6,L4,8516,8547,True
7,6,L1,9624,9632,True
7,6,L2,12624,12635,True
7,7,L3,235,242,False
7,7,L3,2130,2149,False
7,7,L3,2508,2517,False
7,7,L1,4301,4305,False
7,7,L2,5792,5807,True
7,7,L0,8278,8330,False
7,7,L1,9068,9108,False
7,7,L3,9110,9122,False
7,7,L2,10269,10273,False
8,0,L2,3503,3566,True
8,0,L0,4716,4744,False
8,0,L2,5987,5994,False
8,0,L0,8521,8578,False
8,0,L3,9873,9886,True
8,0,L2,10898,10907,False
8,0,L0,13113,13118,True
8,0,L2,13411,13423,False
8,1,L3,483,502,False
8,1,L3,1148,1176,True
8,1,L2,1579,1638,True
8,1,L1,1710,1714,False
8,1,L2,3177,3241,True
8,1,L3,3853,3905,False
8,1,L3,5045,5119,True
8,1,L4,5566,5623,True
8,1,L2,10829,10846,True
8,1,L2,11415,11426,True
8,1,L3,12254,12327,True
8,1,L2,14008,14015,False
8,2,L1,910,945,False
8,2,L1,3933,3939,True
8,2,L3,6316,6358,True
8,2,L4,7840,7953,True
8,3,L2,5363,5402,False
8,4,L2,1084,1111,False
8,4,L1,8177,8185,True
8,4,L4,8805,8846,True
8,4,L1,9683,9688,False
8,4,L2,13462,13503,False
8,5,L3,295,310,True
8,5,L3,3813,3827,False
8,5,L4,6357,6400,True
8,5,L3,7119,7167,False
8,5,L3,7766,7853,True
8,5,L4,8455,8494,True
8,5,L0,8952,8988,False
8,5,L1,10004,10021,True
8,5,L3,10495,10503,False
8,5,L1,11388,11425,True
8,5,L1,13050,13054,False
8,6,L0,405,443,False
8,6,L3,1403,1438,True
8,6,L3,3465,3479,False
8,6,L0,4009,4053,False
8,6,L2,5455,5473,True
8,6,L3,8174,8187,False
8,6,L3,8246,8257,False
8,6,L2,10013,10051,True
8,6,L3,11438,11449,False
8,6,L2,11528,11537,False
8,6,L1,11750,11760,True
8,6,L3,13505,13510,False
8,6,L1,14073,14108,False
8,6,L3,14297,14310,True
8,7,L3,4382,4458,True
8,7,L2,4545,4562,False
8,7,L2,11082,11107,True
8,7,L3,12379,12420,True
8,7,L4,12738,12779,True
8,7,L0,12837,12851,True
9,0,L2,2063,2084,True
9,0,L2,2264,2293,False
9,0,L2,2524,2531,False
9,0,L2,4232,4242,True
9,0,L3,7567,7587,False
9,0,L0,9209,9235,True
9,0,L4,9934,9991,True
9,0,L4,10103,10187,True
9,0,L1,10539,10573,True
9,0,L1,12098,12110,True
9,0,L0,13529,13577,True
9,0,L2,14285,14306,True
9,1,L3,1951,2004,False
9,1,L2,4036,4079,True
9,1,L3,4599,4611,False
9,1,L3,6233,6268,True
9,1,L4,8650,8755,True
9,1,L2,8999,9007,False
9,1,L0,11620,11664,False
9,2,L3,239,254,False
9,2,L3,4239,4288,True
9,2,L2,6271,6280,False
9,2,L3,6598,6603,False
9,2,L0,11401,11407,True
9,2,L2,12054,12073,True
9,2,L3,12701,12750,False
9,3,L0,1295,1303,True
9,3,L2,5054,5071,True
9,3,L2,5714,5803,True
9,3,L2,8259,8301,False
9,3,L4,9795,9833,True
9,3,L3,9982,10017,False
9,3,L4,11381,11411,True
9,4,L1,918,930,True
9,4,L1,4127,4136,True
9,4,L1,5682,5721,True
9,4,L4,8327,8399,True
9,4,L3,8416,8519,True
9,4,L3,8992,9006,False
9,4,L3,9708,9722,False
9,4,L1,10137,10151,True
9,4,L2,10428,10435,False
9,4,L1,10478,10488,True
9,4,L1,13211,13218,True
9,5,L0,1870,1921,False
9,5,L2,5738,5751,True
9,5,L4,13264,13287,True
9,5,L2,14132,14163,False
9,6,L0,717,738,True
9,6,L3,3064,3109,True
9,6,L0,5768,5778,True
9,6,L2,6828,6853,False
9,6,L2,7262,7304,False
9,6,L3,8988,9006,False
9,6,L3,9998,10028,True
9,6,L1,13550,13561,True
9,7,L3,1130,1160,True
9,7,L4,10131,10199,True
9,7,L1,11680,11722,False
9,7,L2,12602,12639,True
9,7,L2,12819,12865,False
9,7,L1,13129,13137,True
