variant,method,n_test_events,n_secondary,precision,recall,f1,root_cause_accuracy,fa_per_100_cd,mttd_min,p95_delay_min,server_escalations,secondary_recall_upper_bound
S0 reference (paper setting),Flat multi-signal,112,0,0.5792349726775956,0.9464285714285714,0.7186440677966102,0.8301886792452831,32.083333333333336,1.7452830188679245,3.0,116,
S0 reference (paper setting),ML-CHM full,112,0,0.8809523809523809,0.9910714285714286,0.9327731092436975,0.963963963963964,6.25,2.036036036036036,7.0,67,
S0 reference (paper setting),"ML-CHM, no dependency order",112,0,0.9051724137931034,0.9375,0.9210526315789473,0.8,4.583333333333333,2.104761904761905,5.799999999999997,73,
S1 weak propagation (decay 0.45),Flat multi-signal,112,0,0.5882352941176471,0.9821428571428571,0.7357859531772575,1.0,32.083333333333336,1.5818181818181818,2.0,110,
S1 weak propagation (decay 0.45),ML-CHM full,112,0,0.8809523809523809,0.9910714285714286,0.9327731092436975,0.963963963963964,6.25,2.09009009009009,7.0,67,
S1 weak propagation (decay 0.45),"ML-CHM, no dependency order",112,0,0.9090909090909091,0.9821428571428571,0.944206008583691,0.990909090909091,4.583333333333333,1.9,2.549999999999997,67,
S2 no propagation (independent layers),Flat multi-signal,107,0,0.5752688172043011,1.0,0.7303754266211605,1.0,32.916666666666664,1.4485981308411215,2.0,113,
S2 no propagation (independent layers),ML-CHM full,107,0,0.8770491803278688,1.0,0.9344978165938864,1.0,6.25,1.9158878504672898,7.699999999999989,71,
S2 no propagation (independent layers),"ML-CHM, no dependency order",107,0,0.9067796610169492,1.0,0.9511111111111111,1.0,4.583333333333333,1.6355140186915889,2.0,71,
S3 frequent lower-layer artefacts (p=0.50),Flat multi-signal,105,0,0.569060773480663,0.9809523809523809,0.7202797202797203,0.8252427184466019,32.5,2.029126213592233,5.8999999999999915,110,
S3 frequent lower-layer artefacts (p=0.50),ML-CHM full,105,0,0.7394366197183099,1.0,0.8502024291497975,0.9238095238095239,15.416666666666668,2.6,8.0,69,
S3 frequent lower-layer artefacts (p=0.50),"ML-CHM, no dependency order",105,0,0.7906976744186046,0.9714285714285714,0.8717948717948717,0.8333333333333334,11.25,2.5294117647058822,9.0,71,
S4 concurrent independent faults (p=0.25),Flat multi-signal,113,15,0.5823529411764706,0.8761061946902655,0.6996466431095407,0.898989898989899,29.583333333333332,2.121212121212121,5.399999999999977,101,0.8
S4 concurrent independent faults (p=0.25),ML-CHM full,113,15,0.8225806451612904,0.9026548672566371,0.8607594936708861,0.9019607843137255,9.166666666666666,2.5784313725490198,9.0,64,0.8
S4 concurrent independent faults (p=0.25),"ML-CHM, no dependency order",113,15,0.853448275862069,0.8761061946902655,0.8646288209606987,0.8686868686868687,7.083333333333333,2.3333333333333335,9.099999999999994,70,0.8
