site,camera,camera_type,event_id,layer,start,end,duration_min,magnitude
0,0,outdoor,S00C00E000,L0,13235,13254,19,0.7816408461667033
0,0,outdoor,S00C00E001,L1,6838,6850,12,0.7003408305200485
0,0,outdoor,S00C00E002,L0,7839,7864,25,0.7397839131460886
0,0,outdoor,S00C00E003,L4,2980,2996,16,0.7337676314863175
0,0,outdoor,S00C00E004,L1,13127,13136,9,0.8794242023272212
0,0,outdoor,S00C00E005,L3,4783,4862,79,0.7760461991799094
0,1,parking,S00C01E000,L4,5617,5668,51,0.9106821090498817
0,1,parking,S00C01E001,L4,11758,11811,53,0.8529178701484799
0,1,parking,S00C01E002,L2,9246,9263,17,0.8808923591908095
0,1,parking,S00C01E003,L4,8587,8669,82,0.8142915980000551
0,2,indoor,S00C02E000,L4,7752,7809,57,0.8564586139926859
0,2,indoor,S00C02E001,L1,7920,7961,41,0.749776386079158
0,2,indoor,S00C02E002,L2,13840,13893,53,0.7367775347110384
0,2,indoor,S00C02E003,L4,7425,7479,54,0.7820807581694547
0,2,indoor,S00C02E004,L0,8205,8221,16,0.7723866920059762
0,3,parking,S00C03E000,L4,1245,1295,50,0.7706271279235606
0,3,parking,S00C03E001,L2,1338,1367,29,0.8150561304863324
0,3,parking,S00C03E002,L4,10296,10334,38,0.8434216378124101
0,3,parking,S00C03E003,L3,9027,9052,25,0.7918430752519716
0,3,parking,S00C03E004,L0,139,181,42,0.8352315008071152
0,3,parking,S00C03E005,L4,4626,4661,35,0.8459090136948717
0,3,parking,S00C03E006,L0,2364,2404,40,0.7892600162276449
0,4,indoor,S00C04E000,L4,1640,1670,30,0.7709140148024484
0,4,indoor,S00C04E001,L2,3428,3479,51,0.8068522633930051
0,4,indoor,S00C04E002,L1,3814,3831,17,0.926871804454636
0,4,indoor,S00C04E003,L4,4748,4765,17,0.8463088899765344
0,5,outdoor,S00C05E000,L3,11154,11171,17,0.7886046953894593
0,5,outdoor,S00C05E001,L3,10360,10461,101,0.7547888105589668
0,5,outdoor,S00C05E002,L2,3484,3609,125,0.7470448822502109
0,5,outdoor,S00C05E003,L4,2786,2808,22,0.8538052477975173
0,6,indoor,S00C06E000,L3,14181,14216,35,0.6811943480726724
0,6,indoor,S00C06E001,L1,7484,7505,21,0.688081340626369
0,6,indoor,S00C06E002,L1,988,994,6,0.8574808653450046
0,6,indoor,S00C06E003,L4,7585,7632,47,0.8588796349563925
0,6,indoor,S00C06E004,L2,12244,12300,56,0.9243548026089713
0,7,indoor,S00C07E000,L3,10584,10652,68,0.6977512310450201
0,7,indoor,S00C07E001,L0,8811,8823,12,0.7611731021277421
0,7,indoor,S00C07E002,L4,8422,8450,28,0.8918322865781454
0,7,indoor,S00C07E003,L1,6324,6340,16,0.726635958595207
0,7,indoor,S00C07E004,L1,12146,12162,16,0.8643519035180535
0,7,indoor,S00C07E005,L2,13319,13364,45,0.7012156294376948
1,0,outdoor,S01C00E000,L4,11029,11109,80,0.7481196160850012
1,0,outdoor,S01C00E001,L2,10905,10932,27,0.91021749500397
1,0,outdoor,S01C00E002,L1,2337,2349,12,0.6943494440796606
1,0,outdoor,S01C00E003,L0,13749,13807,58,0.7071606414250409
1,0,outdoor,S01C00E004,L2,10517,10554,37,0.9211389272519475
1,0,outdoor,S01C00E005,L3,9751,9796,45,0.7682833242251714
1,1,parking,S01C01E000,L3,5202,5260,58,0.8282467973606655
1,1,parking,S01C01E001,L2,14096,14177,81,0.768423034742855
1,1,parking,S01C01E002,L0,8002,8028,26,0.7168455058238856
1,2,indoor,S01C02E000,L1,11437,11443,6,0.9029875837026718
1,2,indoor,S01C02E001,L4,4156,4193,37,0.8128599190090848
1,2,indoor,S01C02E002,L0,12205,12228,23,0.7185495025736954
1,2,indoor,S01C02E003,L1,8147,8161,14,0.7634690562959515
1,2,indoor,S01C02E004,L4,10681,10716,35,0.8306795477717716
1,3,indoor,S01C03E000,L3,2890,2980,90,0.8061563400486351
1,3,indoor,S01C03E001,L2,1890,1936,46,0.6996085485663135
1,3,indoor,S01C03E002,L2,4407,4449,42,0.7933526155065524
1,3,indoor,S01C03E003,L2,484,494,10,0.8559958450159653
1,4,indoor,S01C04E000,L0,13311,13322,11,0.7018910937689413
1,4,indoor,S01C04E001,L4,4288,4335,47,0.7110471206629273
1,4,indoor,S01C04E002,L3,12500,12522,22,0.9130861441064749
1,4,indoor,S01C04E003,L4,491,515,24,0.8462346777145261
1,4,indoor,S01C04E004,L4,6547,6636,89,0.8149087619766497
1,5,indoor,S01C05E000,L2,5634,5688,54,0.6823351130921474
1,5,indoor,S01C05E001,L3,4055,4079,24,0.7548018675167765
1,5,indoor,S01C05E002,L1,13054,13063,9,0.8091319948759993
1,6,outdoor,S01C06E000,L4,2655,2676,21,0.9271037074772563
1,6,outdoor,S01C06E001,L2,9830,9856,26,0.8884340942299633
1,6,outdoor,S01C06E002,L2,1892,1953,61,0.8114519376287845
1,7,indoor,S01C07E000,L1,4316,4328,12,0.7064022322859125
1,7,indoor,S01C07E001,L4,11199,11248,49,0.8413842180457602
1,7,indoor,S01C07E002,L4,12324,12366,42,0.8414335491269707
1,7,indoor,S01C07E003,L4,9270,9328,58,0.7170693142369733
1,7,indoor,S01C07E004,L4,11734,11809,75,0.7382915058747935
1,7,indoor,S01C07E005,L2,10867,10897,30,0.7554192608683095
2,0,outdoor,S02C00E000,L3,10505,10547,42,0.7863133395991869
2,1,outdoor,S02C01E000,L2,9665,9673,8,0.7638864548802377
2,1,outdoor,S02C01E001,L2,8674,8758,84,0.8772735784001502
2,1,outdoor,S02C01E002,L2,1176,1204,28,0.9272590049836661
2,1,outdoor,S02C01E003,L1,6987,6998,11,0.7468738935292522
2,1,outdoor,S02C01E004,L1,9102,9106,4,0.8598867748299664
2,2,outdoor,S02C02E000,L3,6790,6869,79,0.8731298357112957
2,3,indoor,S02C03E000,L4,12406,12534,128,0.6989680099788458
2,3,indoor,S02C03E001,L3,5031,5074,43,0.8704490427220479
2,3,indoor,S02C03E002,L2,4715,4727,12,0.7565223854339884
2,3,indoor,S02C03E003,L0,7606,7634,28,0.8377217195744945
2,4,indoor,S02C04E000,L4,14197,14293,96,0.8760003592237658
2,4,indoor,S02C04E001,L1,3156,3170,14,0.7855653922510948
2,4,indoor,S02C04E002,L2,4837,4873,36,0.6939493126883775
2,5,indoor,S02C05E000,L3,11716,11756,40,0.7105512074333717
2,5,indoor,S02C05E001,L3,2401,2438,37,0.923095026423864
2,5,indoor,S02C05E002,L1,5808,5843,35,0.8143806745949673
2,6,parking,S02C06E000,L0,13641,13648,7,0.6816224422456986
2,6,parking,S02C06E001,L2,13328,13379,51,0.8711901868261369
2,6,parking,S02C06E002,L1,554,591,37,0.8880830670519306
2,6,parking,S02C06E003,L0,3107,3130,23,0.8262205296058205
2,7,parking,S02C07E000,L0,8541,8578,37,0.7966750040821433
2,7,parking,S02C07E001,L1,13663,13670,7,0.7914759116028978
3,0,indoor,S03C00E000,L1,12007,12020,13,0.718175902125034
3,0,indoor,S03C00E001,L2,1899,1910,11,0.7130958650823865
3,0,indoor,S03C00E002,L2,12641,12674,33,0.7711062290680306
3,0,indoor,S03C00E003,L3,9619,9656,37,0.7104203264039153
3,0,indoor,S03C00E004,L0,7351,7370,19,0.85670033992593
3,0,indoor,S03C00E005,L1,8877,8883,6,0.916207533210087
3,0,indoor,S03C00E006,L2,6260,6299,39,0.8839799602054081
3,0,indoor,S03C00E007,L4,2358,2399,41,0.6821165708122187
3,0,indoor,S03C00E008,L1,1834,1856,22,0.8768738738531094
3,1,indoor,S03C01E000,L3,13769,13788,19,0.8290725451959641
3,1,indoor,S03C01E001,L0,6734,6747,13,0.7088724163971801
3,1,indoor,S03C01E002,L1,13453,13481,28,0.7613570555772329
3,1,indoor,S03C01E003,L1,14085,14113,28,0.9259970020862525
3,1,indoor,S03C01E004,L4,13822,13854,32,0.813186638815841
3,1,indoor,S03C01E005,L1,8260,8270,10,0.7173683545222519
3,2,outdoor,S03C02E000,L2,12420,12462,42,0.8685295384393321
3,2,outdoor,S03C02E001,L2,3901,3933,32,0.7367046120158389
3,2,outdoor,S03C02E002,L3,8557,8688,131,0.8126971065527446
3,2,outdoor,S03C02E003,L2,8040,8085,45,0.9280679864261537
3,2,outdoor,S03C02E004,L2,2263,2345,82,0.7495101926282421
3,3,parking,S03C03E000,L4,9299,9350,51,0.6802289882690946
3,3,parking,S03C03E001,L4,489,537,48,0.7751854412239474
3,3,parking,S03C03E002,L4,2162,2244,82,0.7960697607183977
3,3,parking,S03C03E003,L4,10319,10367,48,0.7041997691395337
3,3,parking,S03C03E004,L1,9470,9475,5,0.7199195516871444
3,4,indoor,S03C04E000,L0,13001,13006,5,0.7434422025588259
3,4,indoor,S03C04E001,L2,218,237,19,0.6871889561070053
3,4,indoor,S03C04E002,L1,7186,7197,11,0.7767398372565543
3,4,indoor,S03C04E003,L2,2063,2099,36,0.8742255788099826
3,4,indoor,S03C04E004,L0,8611,8633,22,0.9190339112696633
3,4,indoor,S03C04E005,L2,7489,7537,48,0.8234437098690768
3,5,indoor,S03C05E000,L4,10644,10665,21,0.9205969763506732
3,5,indoor,S03C05E001,L0,12791,12802,11,0.7807942074771197
3,5,indoor,S03C05E002,L2,8595,8626,31,0.878529722768349
3,5,indoor,S03C05E003,L2,1260,1336,76,0.8350889059939568
3,5,indoor,S03C05E004,L3,9251,9305,54,0.799768446669441
3,5,indoor,S03C05E005,L4,2232,2420,188,0.7978703209674733
3,5,indoor,S03C05E006,L2,13737,13810,73,0.851764207855712
3,5,indoor,S03C05E007,L2,79,89,10,0.7284270016468672
3,6,parking,S03C06E000,L3,10120,10148,28,0.8863647432563362
3,7,indoor,S03C07E000,L4,8046,8109,63,0.779124094050426
3,7,indoor,S03C07E001,L2,3021,3046,25,0.8072630462253139
3,7,indoor,S03C07E002,L3,14146,14160,14,0.7362154622049533
3,7,indoor,S03C07E003,L2,7886,7924,38,0.8168603719249834
3,7,indoor,S03C07E004,L4,640,668,28,0.9180631062841548
4,0,parking,S04C00E000,L1,7437,7457,20,0.9172213335401449
4,0,parking,S04C00E001,L0,6406,6450,44,0.7203272202257369
4,1,indoor,S04C01E000,L3,10154,10205,51,0.7563638959493151
4,2,indoor,S04C02E000,L3,10258,10276,18,0.9036011768379684
4,2,indoor,S04C02E001,L2,12552,12590,38,0.7192049463300275
4,2,indoor,S04C02E002,L3,5341,5451,110,0.8378423140918843
4,2,indoor,S04C02E003,L2,9604,9615,11,0.8571426241330995
4,2,indoor,S04C02E004,L0,12931,12949,18,0.8770063546570472
4,3,indoor,S04C03E000,L3,1951,2013,62,0.9121697172821495
4,3,indoor,S04C03E001,L1,8499,8509,10,0.8002138798120406
4,3,indoor,S04C03E002,L3,13784,13811,27,0.7003676039853468
4,3,indoor,S04C03E003,L0,14198,14236,38,0.9154875581889637
4,3,indoor,S04C03E004,L1,1334,1370,36,0.830532038244074
4,3,indoor,S04C03E005,L0,10357,10374,17,0.8198522549471621
4,3,indoor,S04C03E006,L4,2840,2876,36,0.7854927544543107
4,3,indoor,S04C03E007,L4,8800,9009,209,0.7346490148483721
4,3,indoor,S04C03E008,L1,6667,6673,6,0.8501619412217547
4,3,indoor,S04C03E009,L1,7570,7576,6,0.7427948958680419
4,4,outdoor,S04C04E000,L2,9933,9944,11,0.7881094423443468
4,4,outdoor,S04C04E001,L0,2685,2711,26,0.6954237626449637
4,4,outdoor,S04C04E002,L3,14033,14066,33,0.8771986917142895
4,4,outdoor,S04C04E003,L2,12356,12392,36,0.7189005659616818
4,4,outdoor,S04C04E004,L0,10052,10072,20,0.7402475768490362
4,5,parking,S04C05E000,L0,1519,1538,19,0.7827396958710068
4,5,parking,S04C05E001,L1,3664,3677,13,0.8170469753559205
4,5,parking,S04C05E002,L3,2564,2609,45,0.7332534683111943
4,5,parking,S04C05E003,L2,7708,7761,53,0.7421450651927267
4,5,parking,S04C05E004,L3,5514,5571,57,0.8911143482623533
4,5,parking,S04C05E005,L3,4098,4144,46,0.7691796100895589
4,6,parking,S04C06E000,L0,8542,8562,20,0.8981601222007384
4,6,parking,S04C06E001,L0,14000,14015,15,0.8702048793883435
4,6,parking,S04C06E002,L4,1261,1292,31,0.8286856361425157
4,7,outdoor,S04C07E000,L2,4837,4878,41,0.7111864974257878
4,7,outdoor,S04C07E001,L2,1990,2064,74,0.9188331859704599
4,7,outdoor,S04C07E002,L3,13766,13778,12,0.816756166206771
5,0,parking,S05C00E000,L2,2830,2877,47,0.8858914754606809
5,0,parking,S05C00E001,L3,3859,3903,44,0.9183175397046952
5,0,parking,S05C00E002,L0,12851,12867,16,0.7965307516001894
5,1,parking,S05C01E000,L4,13478,13518,40,0.8887064822382793
5,1,parking,S05C01E001,L1,6649,6656,7,0.8382284433027776
5,1,parking,S05C01E002,L3,7111,7199,88,0.7019288373712754
5,1,parking,S05C01E003,L4,9425,9537,112,0.6927449943812933
5,1,parking,S05C01E004,L2,1633,1655,22,0.7678730644296294
5,1,parking,S05C01E005,L2,1744,1792,48,0.8112074615111575
5,1,parking,S05C01E006,L3,10151,10178,27,0.7866980746665406
5,2,outdoor,S05C02E000,L1,4223,4253,30,0.9164315292959009
5,2,outdoor,S05C02E001,L4,8303,8384,81,0.8250304333019037
5,2,outdoor,S05C02E002,L0,10167,10176,9,0.8641474399991576
5,2,outdoor,S05C02E003,L0,14110,14129,19,0.7668030575884475
5,2,outdoor,S05C02E004,L3,8126,8168,42,0.7239704140807997
5,2,outdoor,S05C02E005,L4,12182,12249,67,0.7510311613597798
5,2,outdoor,S05C02E006,L1,10875,10919,44,0.7595292179224364
5,3,outdoor,S05C03E000,L0,3228,3243,15,0.9012305721806853
5,3,outdoor,S05C03E001,L2,11566,11739,173,0.9209865490566431
5,3,outdoor,S05C03E002,L2,8603,8648,45,0.9080597912633774
5,3,outdoor,S05C03E003,L3,9999,10048,49,0.7791013966413861
5,4,indoor,S05C04E000,L2,6675,6686,11,0.7409230070436671
5,4,indoor,S05C04E001,L3,9627,9654,27,0.8990820434300877
5,5,indoor,S05C05E000,L2,9776,9786,10,0.8534674157523987
5,5,indoor,S05C05E001,L2,11324,11384,60,0.7435067679236985
5,5,indoor,S05C05E002,L0,10980,10991,11,0.7624880174919224
5,5,indoor,S05C05E003,L1,3009,3016,7,0.8200298865329119
5,6,indoor,S05C06E000,L3,12123,12227,104,0.831882141889689
5,7,outdoor,S05C07E000,L2,3987,4048,61,0.768467613722722
5,7,outdoor,S05C07E001,L3,5032,5074,42,0.9089254517092636
5,7,outdoor,S05C07E002,L2,7124,7164,40,0.6906502136762216
5,7,outdoor,S05C07E003,L2,5429,5484,55,0.8821032804663298
6,0,parking,S06C00E000,L2,10950,10967,17,0.9164096803821515
6,0,parking,S06C00E001,L0,3425,3432,7,0.9160875639534075
6,0,parking,S06C00E002,L4,13416,13464,48,0.8658309501795196
6,1,outdoor,S06C01E000,L2,774,809,35,0.7518241308581171
6,1,outdoor,S06C01E001,L0,11291,11314,23,0.8394686058688958
6,1,outdoor,S06C01E002,L3,398,507,109,0.8445824545547163
6,1,outdoor,S06C01E003,L3,9615,9640,25,0.8651152778707815
6,2,parking,S06C02E000,L4,10848,10925,77,0.8978690194902381
6,2,parking,S06C02E001,L0,11906,11920,14,0.8222158225671734
6,2,parking,S06C02E002,L0,8377,8415,38,0.704986796777625
6,2,parking,S06C02E003,L1,6286,6298,12,0.7353400810728175
6,2,parking,S06C02E004,L0,2936,2945,9,0.7454033365380957
6,3,parking,S06C03E000,L2,3915,3961,46,0.684024399794871
6,3,parking,S06C03E001,L3,11961,11999,38,0.6898880401721724
6,3,parking,S06C03E002,L2,12537,12566,29,0.7698316399410234
6,3,parking,S06C03E003,L1,3337,3352,15,0.7396264776927403
6,3,parking,S06C03E004,L4,5704,5766,62,0.8268722920041358
6,3,parking,S06C03E005,L2,11495,11567,72,0.8959075796669442
6,4,indoor,S06C04E000,L3,12914,12954,40,0.8110435790608268
6,4,indoor,S06C04E001,L4,11907,11923,16,0.9220237631763009
6,4,indoor,S06C04E002,L0,1167,1177,10,0.8017281342930624
6,5,parking,S06C05E000,L1,12316,12329,13,0.7152137894161151
6,5,parking,S06C05E001,L2,2897,2909,12,0.7688288209003845
6,5,parking,S06C05E002,L0,11784,11803,19,0.908436506812579
6,6,outdoor,S06C06E000,L3,608,664,56,0.7928732771294404
6,6,outdoor,S06C06E001,L2,9472,9506,34,0.695487883064966
6,6,outdoor,S06C06E002,L0,6635,6654,19,0.6886737425466074
6,7,indoor,S06C07E000,L0,2401,2431,30,0.7225589601017997
6,7,indoor,S06C07E001,L1,13218,13232,14,0.8654881178497806
6,7,indoor,S06C07E002,L2,3932,3993,61,0.8456065005287086
6,7,indoor,S06C07E003,L4,9291,9328,37,0.7892711552819577
7,0,parking,S07C00E000,L1,13797,13823,26,0.7026733005755696
7,0,parking,S07C00E001,L0,2935,2953,18,0.8218293388133504
7,1,indoor,S07C01E000,L3,10255,10377,122,0.7019551691516173
7,1,indoor,S07C01E001,L2,315,371,56,0.8256787112526043
7,1,indoor,S07C01E002,L1,2126,2134,8,0.8579554464124353
7,1,indoor,S07C01E003,L1,1949,1953,4,0.7963411481231242
7,2,indoor,S07C02E000,L3,9733,9785,52,0.8469497489766653
7,2,indoor,S07C02E001,L2,7960,7982,22,0.8951687438713879
7,2,indoor,S07C02E002,L2,4438,4464,26,0.7857146609947611
7,2,indoor,S07C02E003,L0,1983,2024,41,0.7288212763413106
7,2,indoor,S07C02E004,L3,10270,10289,19,0.8692186636507099
7,2,indoor,S07C02E005,L2,7529,7614,85,0.761976456843607
7,2,indoor,S07C02E006,L4,4190,4241,51,0.689024712108623
7,3,indoor,S07C03E000,L3,8504,8520,16,0.9253596631127581
7,3,indoor,S07C03E001,L1,6006,6013,7,0.8904021327137935
7,3,indoor,S07C03E002,L1,11506,11518,12,0.7979339161263214
7,3,indoor,S07C03E003,L1,8778,8784,6,0.7595578028820418
7,3,indoor,S07C03E004,L1,6064,6068,4,0.8296746789962954
7,3,indoor,S07C03E005,L0,6168,6179,11,0.7524469900582695
7,4,outdoor,S07C04E000,L1,2169,2181,12,0.8154702924319267
7,4,outdoor,S07C04E001,L2,1462,1519,57,0.7030129540932669
7,4,outdoor,S07C04E002,L1,14156,14176,20,0.7539737493814687
7,4,outdoor,S07C04E003,L3,6499,6557,58,0.9025010033320802
7,5,outdoor,S07C05E000,L2,3000,3027,27,0.7551053597478524
7,5,outdoor,S07C05E001,L1,13851,13874,23,0.8325813719944734
7,5,outdoor,S07C05E002,L4,5636,5690,54,0.7279849193851656
7,5,outdoor,S07C05E003,L1,6183,6187,4,0.9087372794401929
7,5,outdoor,S07C05E004,L0,12029,12054,25,0.7150774509827433
7,5,outdoor,S07C05E005,L4,4801,4866,65,0.8485595619811294
7,5,outdoor,S07C05E006,L3,14176,14269,93,0.921244766226361
7,5,outdoor,S07C05E007,L2,6406,6454,48,0.7645048660451936
7,5,outdoor,S07C05E008,L3,4223,4294,71,0.751933143885408
7,6,indoor,S07C06E000,L0,2967,2980,13,0.6963465443346359
7,6,indoor,S07C06E001,L1,6740,6745,5,0.9233723690178459
7,6,indoor,S07C06E002,L2,12621,12634,13,0.9041039484387292
7,6,indoor,S07C06E003,L3,8514,8546,32,0.7649452626857371
7,6,indoor,S07C06E004,L1,9622,9631,9,0.6871201599690219
7,7,parking,S07C07E000,L2,5789,5806,17,0.84958425105463
8,0,outdoor,S08C00E000,L1,9872,9885,13,0.7135704099735141
8,0,outdoor,S08C00E001,L1,6461,6468,7,0.8453174570469342
8,0,outdoor,S08C00E002,L2,3502,3565,63,0.8381284470775422
8,0,outdoor,S08C00E003,L0,13112,13117,5,0.7074553967265331
8,1,indoor,S08C01E000,L3,1146,1175,29,0.7239235536405499
8,1,indoor,S08C01E001,L4,5554,5622,68,0.7789613508826216
8,1,indoor,S08C01E002,L2,3176,3240,64,0.8600355627356857
8,1,indoor,S08C01E003,L1,10827,10845,18,0.7542721605885813
8,1,indoor,S08C01E004,L3,5043,5118,75,0.6849499635069373
8,1,indoor,S08C01E005,L1,11413,11425,12,0.7044774958472613
8,1,indoor,S08C01E006,L2,1578,1637,59,0.8420392025343042
8,1,indoor,S08C01E007,L3,12253,12326,73,0.88727066976761
8,2,indoor,S08C02E000,L2,6314,6356,42,0.7071991462946832
8,2,indoor,S08C02E001,L1,3932,3938,6,0.7281737711498568
8,2,indoor,S08C02E002,L2,7839,7952,113,0.8356524638462045
8,4,parking,S08C04E000,L1,8176,8184,8,0.920666473365893
8,4,parking,S08C04E001,L4,8803,8845,42,0.69473508051731
8,4,parking,S08C04E002,L1,5474,5477,3,0.8595965453103158
8,5,outdoor,S08C05E000,L2,289,309,20,0.9268907539280341
8,5,outdoor,S08C05E001,L4,8453,8493,40,0.7684706956410985
8,5,outdoor,S08C05E002,L4,6355,6399,44,0.6977896646893266
8,5,outdoor,S08C05E003,L2,7764,7852,88,0.6924652898995413
8,5,outdoor,S08C05E004,L0,11387,11424,37,0.8639568679197321
8,5,outdoor,S08C05E005,L1,10003,10020,17,0.900658593573584
8,6,parking,S08C06E000,L1,11749,11759,10,0.7366465983199265
8,6,parking,S08C06E001,L2,10012,10050,38,0.8399384109803683
8,6,parking,S08C06E002,L3,1402,1437,35,0.8199305478991739
8,6,parking,S08C06E003,L2,5454,5472,18,0.9298268746726192
8,6,parking,S08C06E004,L3,14296,14309,13,0.8234783712310015
8,7,indoor,S08C07E000,L4,12736,12778,42,0.9085634095885629
8,7,indoor,S08C07E001,L3,4380,4457,77,0.7091590818257063
8,7,indoor,S08C07E002,L0,12836,12850,14,0.8244958596708146
8,7,indoor,S08C07E003,L3,12377,12419,42,0.8244689796569563
8,7,indoor,S08C07E004,L2,11080,11106,26,0.8631360284178892
9,0,outdoor,S09C00E000,L1,12097,12109,12,0.9072599771606193
9,0,outdoor,S09C00E001,L2,4230,4241,11,0.702905379363711
9,0,outdoor,S09C00E002,L4,9933,9990,57,0.8627472384646655
9,0,outdoor,S09C00E003,L0,13528,13575,47,0.8423122949232087
9,0,outdoor,S09C00E004,L0,9208,9234,26,0.7405132072597851
9,0,outdoor,S09C00E005,L1,10537,10571,34,0.7010194077154895
9,0,outdoor,S09C00E006,L2,14283,14304,21,0.8808979902866128
9,0,outdoor,S09C00E007,L4,10102,10186,84,0.8671671545180418
9,0,outdoor,S09C00E008,L2,2061,2083,22,0.8665186160071867
9,1,outdoor,S09C01E000,L4,8649,8754,105,0.7224352694495055
9,1,outdoor,S09C01E001,L2,4033,4078,45,0.7591331666603123
9,1,outdoor,S09C01E002,L3,6229,6267,38,0.6800793049831901
9,2,outdoor,S09C02E000,L2,12053,12072,19,0.7833346334585729
9,2,outdoor,S09C02E001,L3,4238,4287,49,0.8863881739085018
9,2,outdoor,S09C02E002,L0,11400,11406,6,0.853131034895322
9,3,parking,S09C03E000,L0,1291,1302,11,0.7325402883600518
9,3,parking,S09C03E001,L4,9794,9832,38,0.8742632693197605
9,3,parking,S09C03E002,L2,5713,5802,89,0.6965373716085292
9,3,parking,S09C03E003,L1,5053,5070,17,0.8804849751923974
9,3,parking,S09C03E004,L4,11379,11410,31,0.7750950383141765
9,4,parking,S09C04E000,L1,11823,11826,3,0.8562212204553482
9,4,parking,S09C04E001,L1,4126,4135,9,0.8612691009801996
9,4,parking,S09C04E002,L1,10136,10150,14,0.9206921627558529
9,4,parking,S09C04E003,L3,8415,8518,103,0.8180374040751549
9,4,parking,S09C04E004,L0,917,929,12,0.8679869772329183
9,4,parking,S09C04E005,L4,8326,8398,72,0.8094840484099961
9,4,parking,S09C04E006,L1,10477,10487,10,0.7936660761286892
9,4,parking,S09C04E007,L0,5680,5720,40,0.7633641433916759
9,4,parking,S09C04E008,L1,13209,13217,8,0.6939243764673115
9,5,outdoor,S09C05E000,L2,5732,5750,18,0.7003835010896954
9,5,outdoor,S09C05E001,L4,13262,13286,24,0.7922288037846765
9,6,outdoor,S09C06E000,L3,9996,10027,31,0.7338318671645092
9,6,outdoor,S09C06E001,L2,3063,3108,45,0.9287669198865891
9,6,outdoor,S09C06E002,L1,13548,13560,12,0.8815334724513976
9,6,outdoor,S09C06E003,L0,716,737,21,0.8073051937420621
9,6,outdoor,S09C06E004,L0,5766,5777,11,0.7232312746589651
9,7,indoor,S09C07E000,L2,12600,12638,38,0.681542284174774
9,7,indoor,S09C07E001,L4,10130,10198,68,0.8599003310441157
9,7,indoor,S09C07E002,L1,13127,13136,9,0.688911325714513
9,7,indoor,S09C07E003,L3,1129,1159,30,0.8175092963199257
